rank,title,artist,album,
1,How You Like That,BLACKPINK,How You Like That,
2,Summer Hate (Feat. ?,지?(ZICO),RANDOM BOX,
3,마리??(Maria),?사 (Hwa Sa),María,
4,Downtown Baby,블루 (BLOO),Downtown Baby,
5,?름 ?에??(Covered By ?쓰? (Feat. ?광??,?쓰?(?두?곤 린다G 비룡),?름 ?에??(Covered By ?쓰?,
6,?잇(Prod.&Feat. SUGA of BTS),?이???잇,,
7,보라??(pporappippam),??,보라??(pporappippam),
8,?로??조정???기로운 ?사?활 OST Part 3,,,
9,?랑?게 ????았???????기로운 ?사?활 OST Part 11,,,
10,?짝 ?렜??(Nonstop),?마?걸,NONSTOP,
11,Into the I-LAND,?이??I-LAND Part.1 Signal Song,,
12,Dolphin,?마?걸,NONSTOP,
13,Dance Monkey,Tones And I,The Kids Are Coming,
14,Memories,Maroon 5,Memories,
15,MORE & MORE,TWICE (???스),MORE & MORE,
16,?떻?지??(Prod. By VAN.C),?반,?떻?지??,
17,Monster,?드벨벳-?이??기,Monster - The 1st Mini Album,
18,METEOR,창모 (CHANGMO),Boyhood,
19,Don't Start Now,Dua Lipa,Future Nostalgia,
20,?무?래,지?(ZICO),?무?래,
21,?비? 고양??(feat.백현 (BAEKHYUN)),볼빨간사춘기,?춘기집?????비,
22,?들리는 꽃들 ?에?????푸?이 ?껴진거???범준,멜로가 체질 OST Part 3,,
23,좋? ?람 ?으??개?켜?조이 (JOY),?기로운 ?사?활 OST Part 2,,
24,Blueming,?이??Love poem,,
25,처음처럼,?씨?맥??(M.C the MAX),CEREMONIA,
26,?작,가??(Gaho),?태???라??OST Part.2,
27,PLAY (Feat. 창모),?,PLAY,
28,?Official Remix,????(Sik-K),?Official Remix,
29,OHIO,Crush,OHIO,
30,2002,Anne-Marie,Speak Your Mind (Deluxe),
31,?상?화 (Secret Story of the Swan),IZ*ONE (?이즈원),Oneiric Diary (幻想?記),
32,??? ??의 ???골목길에???을,??? ??의 ???골목길에??,,
33,?떻??별까? ?랑?겠?? ???랑?는 거?,AKMU (?동뮤???,??,
34,ON,방탄?년??MAP OF THE SOUL : 7,,
35,?? 것들???한 ??(Boy With Luv) (Feat. Halsey),방탄?년??MAP OF THE SOUL : PERSONA,,
36,?에??? ?에???미도? ?라???기로운 ?사?활 OST Part 12,,,
37,마음???려???이???랑??불시?OST Part 11,,,
38,?려?? ?? 고백,규현 (KYUHYUN),?기로운 ?사?활 OST Part 4,
39,?늘??빛나???에?(To You My Light) (Feat.?라??,마크??(MAKTUB),Red Moon : To You My Light,
40,Psycho,Red Velvet (?드벨벳),?The ReVe Festival??Finale,
41,Left & Right,?븐??SEVENTEEN 7th Mini Album '????,,
42,Maniac,Conan Gray,Maniac,
43,모든 ?? 모든 ?간 (Every day, Every Moment),?킴,`?스 먼? ?까??` OST Part.3
44,?제 ?만 믿어???영???일? 미스?트??승???전?,,,
45,?더??(Dumhdurum),Apink (?이?크),LOOK,
46,그때 ??인,김???태???라??OST Part.6,,
47,?떻?지??(??),?치,?떻?지??(??),
48,?녕,?킴,?텔 ?루??OST Part.10,
49,???용??Dear,,,
50,?랑? 지?수??욱 ?명?게 ?아,?상???걸음 : ?적,,
51,?덩???현??(??텐),?태???라??OST Part.3,,
52,Paris In The Rain,Lauv,I met you when I was 18. (the playlist),
53,그? 고운 ?사???반?카???기로운 ?사?활 OST Part 5,,,
54,거짓말이?도 ?서 ??보고?어,백???거짓말이?도 ?서 ??보고?어,,
55,?리 ???어?야 ???예???리 ???어?야 ??,,,
56,???물 모아,?인 (Whee In),?기로운 ?사?활 OST Part 8,
57,FIESTA,IZ*ONE (?이즈원),BLOOM*IZ,
58,취했?봐,?인??취했?봐,,
59,Candy,백현 (BAEKHYUN),Delight - The 2nd Mini Album,
60,AWay,??지,Simple,
61,반만,진???반만,,
62,?? ?랑?고 ?어,백현 (BAEKHYUN),???터 김?? 2 OST Part.1,
63,Love poem,?이??Love poem,,
64,?좀 꺼줄???반,?좀 꺼줄??,,
65,?직 ?의 ?간???아,?수???이코??괜찮??OST Part.4,,
66,?늘?라 비? ???그런가 ???,?늘?라 비? ???그런가 ?,,
67,WANNABE,ITZY (??),IT'z ME,
68,봄날,방탄?년??YOU NEVER WALK ALONE,,
69,00:00 (Zero O?Clock),방탄?년??MAP OF THE SOUL : 7,,
70,Black Swan,방탄?년??MAP OF THE SOUL : 7,,
71,Painkiller,Ruel,Painkiller,
72,찐이???탁,?일? 미스?트?결승??베스??,,
73,bad guy,Billie Eilish,WHEN WE ALL FALL ASLEEP, WHERE DO WE GO?
74,친구,방탄?년??MAP OF THE SOUL : 7,,
75,?느 60? ??부?야??영???일? 미스?트??롯 ?이??베스??,,,
76,HIP,마마?(Mamamoo),reality in BLACK,
77,Error (Feat. Loopy),ASH ISLAND,Error,
78,?? ??거기???? (Narr. 고???,?탁,?? ??거기????,
79,?? 만나,?킴,?? 만나,
80,Stuck with U,Ariana Grande,Stuck with U,
81,Happy,?연 (TAEYEON),Happy,
82,별이 ?다,?용??Dear,,
83,Filter,방탄?년??MAP OF THE SOUL : 7,,
84,Apple,?자친구 (GFRIEND),??Song of the Sirens,
85,?든 꽃에 물을 주듯,HYNN (박혜??,?든 꽃에 물을 주듯,
86,To Die For,Sam Smith,To Die For,
87,12:45 (Stripped),Etham,12:45 (Stripped),
88,Moon,방탄?년??MAP OF THE SOUL : 7,,
89,10?뷰 (Feat. MOON),?훈&찬열,10?뷰 - The 1st Album,
90,??킴,?,,
91,?리 만남???킴,?규 2?'마음, ??,
92,바램,?영???일? 미스?트??선?베스??,,
93,?주 NICE,?븐??Love&Letter Repackage Album,,
94,?차,방탄?년??MAP OF THE SOUL : 7,,
95,조금 취했??(Prod. 2soo),?재??조금 취했??,,
96,?? 그린 ?주 (Insomnia2020) (Feat. ?라??,마크??(MAKTUB),Red Moon : SUPERNOVA,
97,We are Bulletproof : the Eternal,방탄?년??MAP OF THE SOUL : 7,,
98,?장마차,?인???장마차,,
99,?랑?? 멜로???어,?상??랑?? 멜로???어,,
100,Inner Child,방탄?년??MAP OF THE SOUL : 7,,
